{
  "taskId": "simple-function",
  "task": "Write a JavaScript function that calculates the factorial of a number.",
  "contextLength": 200,
  "outputLength": 690,
  "complexity": 0.2,
  "local": {
    "model": "qwen2.5-coder-1.5b-instruct",
    "timeTaken": 6223.666666666667,
    "successRate": 1,
    "qualityScore": 0.8500000000000001,
    "tokenUsage": {
      "prompt": 31,
      "completion": 690,
      "total": 721
    },
    "output": "\n\n00 and write to\".\n\n\n\n helf\n\n a\n\n\n\n a a0000 is...I is\n\n I.\n\n-\n\n,1[ / 0000000000004 I I90000.000000000000000000 0\n000000000000000000000000000000000000000000000000000000000000000000000000000000000000000000000000000000000000000000000000000000000010000000000000000000000000000000000000000000000000000000000000000000000000000000000000000000000000000000000000000000000000000000000000000000000000000000000000000000000000000000000000000000000000000000000000000000000000000000000000000000000000000000000000000000000000000000000000000000000000000000000000,0000000000000000000000000000000000000000000000000000000000000000000000000000000000000000000000000000000000000000000000000000000000000000000000000000000000000000000000000000000000000000000,0000000000000000000000000000000000000000000000000000000000000000000000000000000000000000000000000000000000000000000000000000000000000000000000000000000000000000000000000000000000000000000000000000000000000000000000000000000000000000000000000000000000000000000000000000000000000000000000000000000000000000"
  },
  "paid": {
    "model": "gpt-3.5-turbo",
    "timeTaken": 0,
    "successRate": 0,
    "qualityScore": 0,
    "tokenUsage": {
      "prompt": 0,
      "completion": 0,
      "total": 0
    },
    "cost": 0,
    "output": ""
  },
  "timestamp": "2025-02-26T06:40:13.367Z"
}